ego_x,ego_y,ego_z,ego_yaw,bbox_center_x,bbox_center_y,bbox_center_z,bbox_width,bbox_length,bbox_height,bbox_yaw,class_ID,class_label
-173788.515625,-145880.40625,14303.9130859375,-9.8992919921875,32.131446838378906,-0.5469970703125,0.635513186454773,9.68649196624756,6.49406623840332,23.14813995361328,1.7462966442108154,3,Wind Turbine
-167511.171875,-15166.08984375,23316.46875,75.64567565917969,225.3722686767578,-0.558929443359375,22.88548851013184,6.57780122756958,5.732003688812256,31.573320388793945,2.8416082859039307,0,Antenna
-164525.171875,-129881.3671875,14278.4794921875,46.65750503540039,192.2305450439453,-0.215179443359375,-1.6527459621429443,8.02398681640625,7.4912614822387695,44.11125564575195,-3.129031181335449,0,Antenna
-162066.265625,-19684.169921875,19833.298828125,145.4833984375,118.34294128417967,0.6495361328125,25.739864349365234,11.33878231048584,10.5899076461792,38.42304229736328,2.824016571044922,0,Antenna
-146223.21875,-173195.1875,16734.763671875,159.5046844482422,36.57594680786133,-0.6170654296875,-10.911684036254885,6.639347076416016,4.654942512512207,13.19431495666504,2.600259780883789,0,Antenna
-146223.21875,-173195.1875,16734.763671875,159.5046844482422,177.7772674560547,-42.36769104003906,-3.056372165679932,3.963613510131836,2.3551833629608154,8.356881141662598,2.1654529571533203,3,Wind Turbine
-139493.671875,-129583.171875,11912.365234375,-148.5705108642578,179.13426208496094,-151.13375854492188,24.7459659576416,9.544476509094238,7.6161651611328125,26.61142921447754,-2.9700610637664795,0,Antenna
-139493.671875,-129583.171875,11912.365234375,-148.5705108642578,198.30435180664065,-23.636474609375,6.024736404418945,6.655421257019043,5.82621431350708,19.04038619995117,-3.13466477394104,0,Antenna
-139493.671875,-129583.171875,11912.365234375,-148.5705108642578,179.13426208496094,-151.13375854492188,24.7459659576416,9.544476509094238,7.6161651611328125,26.61142921447754,-2.9700610637664795,2,Electric Pole
-139493.671875,-129583.171875,11912.365234375,-148.5705108642578,70.37561798095703,5.622344970703125,3.88484263420105,22.005704879760746,8.620705604553223,49.21575164794922,-3.000284671783448,3,Wind Turbine
-135724.125,-138894.9375,13188.8291015625,149.36697387695312,150.9490509033203,-125.57999420166016,-1.311734914779663,7.290050029754639,5.782592296600342,23.522823333740234,2.943856239318848,0,Antenna
-135724.125,-138894.9375,13188.8291015625,149.36697387695312,115.1547393798828,0.7596435546875,10.023311614990234,15.972519874572754,12.389963150024414,52.543643951416016,3.133768081665039,3,Wind Turbine
-134771.1875,-164989.859375,14833.9228515625,107.70189666748048,118.44915771484376,-0.4659423828125,10.826117515563965,9.850749969482422,6.97573709487915,41.24058532714844,1.7503992319107056,3,Wind Turbine
-126319.7265625,286.3021850585937,17035.431640625,-70.63571166992188,207.2383728027344,2.393356323242188,6.351928234100342,72.37543487548828,14.04185962677002,104.9885711669922,2.81243634223938,3,Wind Turbine
-122232.21875,-50610.828125,10481.138671875,83.36882781982422,190.21829223632807,16.673538208007812,20.92908096313477,37.28032302856445,0.6724867224693298,2.247483730316162,1.1685447692871094,1,Cable
-122232.21875,-50610.828125,10481.138671875,83.36882781982422,187.38671875,21.621902465820312,18.75232315063477,39.66836166381836,0.6919927000999451,2.124758243560791,1.2406136989593506,1,Cable
-122232.21875,-50610.828125,10481.138671875,83.36882781982422,206.552490234375,23.314529418945312,21.93522453308105,37.38687515258789,0.6779285073280334,2.4281020164489746,1.073345422744751,1,Cable
-122232.21875,-50610.828125,10481.138671875,83.36882781982422,183.83529663085932,27.75439453125,22.77828598022461,49.92683410644531,0.7603302001953125,2.769940137863159,1.4545637369155884,1,Cable
-122232.21875,-50610.828125,10481.138671875,83.36882781982422,168.1551055908203,55.28192138671875,15.774595260620115,43.70174789428711,0.6657490134239197,2.4933512210845947,1.3479896783828735,1,Cable
-122232.21875,-50610.828125,10481.138671875,83.36882781982422,166.2245330810547,58.258636474609375,16.89726448059082,36.989051818847656,0.6485695242881775,2.5267529487609863,0.8541856408119202,1,Cable
-122232.21875,-50610.828125,10481.138671875,83.36882781982422,181.1860809326172,68.20394897460938,17.779335021972656,42.409915924072266,0.6781708002090454,2.4106783866882324,1.177596926689148,1,Cable
-122232.21875,-50610.828125,10481.138671875,83.36882781982422,157.06211853027344,74.47470092773438,8.536754608154297,36.96076965332031,0.7760334014892578,3.126949071884156,0.7922385334968567,1,Cable
-122232.21875,-50610.828125,10481.138671875,83.36882781982422,166.58999633789062,93.58963012695312,10.499536514282228,48.66997146606445,0.6603026390075684,2.458316802978516,1.1201083660125732,1,Cable
-122232.21875,-50610.828125,10481.138671875,83.36882781982422,140.7610321044922,103.15609741210938,6.467225074768066,39.36411666870117,0.6868799328804016,2.2939302921295166,1.108554482460022,1,Cable
-122232.21875,-50610.828125,10481.138671875,83.36882781982422,139.0583953857422,106.25067138671876,7.110777854919434,38.137840270996094,0.674234926700592,2.076792001724243,1.1523929834365845,1,Cable
-122232.21875,-50610.828125,10481.138671875,83.36882781982422,158.4654998779297,108.00259399414062,11.061119079589844,40.132362365722656,0.6771520376205444,2.408905267715454,1.0114538669586182,1,Cable
-122232.21875,-50610.828125,10481.138671875,83.36882781982422,137.20950317382812,109.32809448242188,7.859648704528809,43.105247497558594,0.7255449891090393,2.114286661148072,1.305103063583374,1,Cable
-122232.21875,-50610.828125,10481.138671875,83.36882781982422,156.60496520996094,111.00619506835938,9.04270362854004,39.94028854370117,0.7343915104866028,2.5314743518829346,1.0266718864440918,1,Cable
-122232.21875,-50610.828125,10481.138671875,83.36882781982422,153.7803192138672,116.00924682617188,10.44788646697998,43.216156005859375,0.6944897174835205,2.4826924800872803,1.026594877243042,1,Cable
-122232.21875,-50610.828125,10481.138671875,83.36882781982422,152.12681579589844,119.19146728515624,9.671921730041504,38.26187515258789,0.6842445135116577,2.573730945587158,1.0232526063919067,1,Cable
-122232.21875,-50610.828125,10481.138671875,83.36882781982422,140.7527313232422,122.35800170898438,-12.373419761657717,19.301916122436523,11.774444580078123,69.41144561767578,-2.724655866622925,2,Electric Pole
-121819.3828125,-73547.7109375,11382.3369140625,81.88943481445312,241.73751831054688,-0.7494354248046875,22.935884475708008,86.50569915771484,14.120614051818848,134.9104461669922,2.947051286697388,3,Wind Turbine
-120103.6953125,-2729.706298828125,17494.3046875,-87.7276611328125,167.98194885253906,-0.820892333984375,4.015059471130371,63.50204086303711,12.939864158630373,90.84162139892578,2.696021318435669,3,Wind Turbine
-118847.6796875,-35871.97265625,10000.0,33.06077575683594,294.8085632324219,0.2578887939453125,-7.081339359283447,6.388741493225098,5.602009296417236,32.94525146484375,2.913153886795044,0,Antenna
-118847.6796875,-35871.97265625,10000.0,33.06077575683594,99.4098892211914,-85.35928344726562,11.566344261169434,13.56488037109375,9.800089836120604,53.56776428222656,0.5984190106391907,2,Electric Pole
-118847.6796875,-35871.97265625,10000.0,33.06077575683594,57.58660888671875,23.151046752929688,1.1875953674316406,30.818809509277344,11.104561805725098,64.47047424316406,2.713567018508911,3,Wind Turbine
-112737.15625,44071.62890625,12530.609375,-54.924415588378906,252.91070556640625,0.8950653076171875,39.86734390258789,57.20991134643555,14.374688148498535,116.1630630493164,2.897469997406006,3,Wind Turbine
-110628.6015625,-24900.796875,10000.0,64.34391021728516,57.59785461425781,-0.51708984375,2.1255693435668945,10.283184051513672,6.324461460113525,32.96779251098633,1.3489930629730225,3,Wind Turbine
-110165.640625,-24621.900390625,10000.0,139.79489135742188,175.7617950439453,0.4672088623046875,19.16883087158203,8.629368782043457,8.108319282531738,34.319786071777344,2.9364187717437744,0,Antenna
-110165.640625,-24621.900390625,10000.0,139.79489135742188,57.19808197021485,-34.38691711425781,24.794261932373047,43.625282287597656,0.8642304539680481,3.6416733264923096,0.1242141351103782,1,Cable
-110165.640625,-24621.900390625,10000.0,139.79489135742188,57.27822113037109,-31.198074340820312,21.54449462890625,46.56598663330078,0.7809268236160278,3.1519975662231445,0.0852974131703376,1,Cable
-110165.640625,-24621.900390625,10000.0,139.79489135742188,57.52388000488281,-28.060317993164062,18.42208671569824,48.99576568603516,0.7317630052566528,3.018195152282715,-0.3265456855297088,1,Cable
-110165.640625,-24621.900390625,10000.0,139.79489135742188,58.85514831542969,-7.126876831054688,17.896289825439453,39.287376403808594,0.8978159427642822,2.9028918743133545,0.1659164279699325,1,Cable
-110165.640625,-24621.900390625,10000.0,139.79489135742188,58.81613159179688,-2.33447265625,20.596792221069336,42.3896484375,0.8745383024215698,3.345386981964112,0.0869534239172935,1,Cable
-110165.640625,-24621.900390625,10000.0,139.79489135742188,59.32957458496094,8.791213989257812,19.67096710205078,55.72031021118164,0.7496873736381531,3.365577459335327,-0.4298581480979919,1,Cable
-110165.640625,-24621.900390625,10000.0,139.79489135742188,59.43199920654297,13.585723876953123,20.63113594055176,50.51089477539063,0.70010906457901,2.870567560195923,-0.437784731388092,1,Cable
-110165.640625,-24621.900390625,10000.0,139.79489135742188,41.49843215942383,19.90937805175781,7.809224605560303,58.10590744018555,0.746311366558075,2.6443464756011963,-0.8212114572525024,1,Cable
-110165.640625,-24621.900390625,10000.0,139.79489135742188,59.64687347412109,21.528717041015625,17.02570152282715,52.80792236328125,0.6611131429672241,2.7142300605773926,-0.3368710577487945,1,Cable
-110165.640625,-24621.900390625,10000.0,139.79489135742188,41.7640380859375,26.35932922363281,11.197022438049316,58.44895935058594,0.8079379200935364,2.664350748062134,-0.6066945195198059,1,Cable
-110165.640625,-24621.900390625,10000.0,139.79489135742188,41.770355224609375,29.564697265625,13.558137893676758,42.574974060058594,0.9234530329704284,2.4474029541015625,-0.3182994425296783,1,Cable
-110165.640625,-24621.900390625,10000.0,139.79489135742188,60.34506988525391,32.874481201171875,23.100135803222656,36.2397575378418,0.7591700553894043,2.6881442070007324,0.0134506393224,1,Cable
-110165.640625,-24621.900390625,10000.0,139.79489135742188,60.2110595703125,37.72232055664063,29.98593521118164,31.83809471130371,0.8880355358123779,3.22656798362732,0.286533385515213,1,Cable
-110165.640625,-24621.900390625,10000.0,139.79489135742188,49.51301574707031,-21.66792297363281,3.9314334392547607,23.52143859863281,11.742243766784668,36.190040588378906,-3.033808469772339,2,Electric Pole
-102623.7734375,-95700.2734375,10554.255859375,93.7435073852539,54.04702758789063,0.417144775390625,0.0120405666530132,8.523263931274414,8.424212455749512,28.625144958496094,3.0623927116394043,0,Antenna
-102623.7734375,-95700.2734375,10554.255859375,93.7435073852539,116.9938507080078,-90.61067199707033,16.136859893798828,38.85527801513672,0.814380407333374,2.376127958297729,-1.883328437805176,1,Cable
-102623.7734375,-95700.2734375,10554.255859375,93.7435073852539,123.14447021484376,-85.60293579101562,15.628231048583984,42.84771347045898,0.8064185380935669,2.384080171585083,-2.013145685195923,1,Cable
-102623.7734375,-95700.2734375,10554.255859375,93.7435073852539,127.73452758789062,-82.07089233398438,13.147314071655272,46.79971694946289,0.8016918301582336,2.362165689468384,-2.227444648742676,1,Cable
-102623.7734375,-95700.2734375,10554.255859375,93.7435073852539,132.8180694580078,-77.55886840820312,13.759700775146484,44.74356460571289,0.8110846877098083,2.69500732421875,-2.13461971282959,1,Cable
-102623.7734375,-95700.2734375,10554.255859375,93.7435073852539,107.2090072631836,-76.00660705566406,16.058828353881836,45.58042526245117,0.733529806137085,2.228975296020508,-2.031343460083008,1,Cable
-102623.7734375,-95700.2734375,10554.255859375,93.7435073852539,143.8641357421875,-67.88825988769531,11.80016803741455,43.3696517944336,0.7773602604866028,2.290300130844116,-2.0737404823303223,1,Cable
-102623.7734375,-95700.2734375,10554.255859375,93.7435073852539,119.94705200195312,-64.76007080078125,11.48231315612793,51.91494369506836,0.7498989701271057,2.4236741065979004,-2.1178746223449707,1,Cable
-102623.7734375,-95700.2734375,10554.255859375,93.7435073852539,153.59982299804688,-59.97859191894531,16.14838409423828,41.92791748046875,0.823805570602417,2.463030815124512,-2.0795154571533203,1,Cable
-102623.7734375,-95700.2734375,10554.255859375,93.7435073852539,156.88162231445312,-56.82460021972656,14.100996971130373,44.09916687011719,0.7613680362701416,2.4515788555145264,-1.9945396184921265,1,Cable
-102623.7734375,-95700.2734375,10554.255859375,93.7435073852539,132.9547576904297,-53.82801818847656,10.699816703796388,58.19077682495117,0.8139223456382751,3.0611910820007324,-1.7983200550079346,1,Cable
-102623.7734375,-95700.2734375,10554.255859375,93.7435073852539,164.6966552734375,-50.29518127441406,12.255577087402344,43.43330001831055,0.8011177182197571,2.499080181121826,-2.2575604915618896,1,Cable
-102623.7734375,-95700.2734375,10554.255859375,93.7435073852539,139.0752410888672,-48.61225891113281,14.175655364990234,43.02785873413086,0.7719923257827759,2.5030314922332764,-2.0483264923095703,1,Cable
-102623.7734375,-95700.2734375,10554.255859375,93.7435073852539,142.52516174316406,-45.75209045410156,15.76942253112793,36.66275405883789,0.711796224117279,2.154059410095215,-1.7631840705871582,1,Cable
-102623.7734375,-95700.2734375,10554.255859375,93.7435073852539,188.69615173339844,-29.47787475585937,11.889680862426758,46.710784912109375,0.8252840042114258,2.662031650543213,-2.156659841537476,1,Cable
-102623.7734375,-95700.2734375,10554.255859375,93.7435073852539,212.7406768798828,-8.640884399414062,13.897550582885742,48.395503997802734,0.8933665752410889,3.135715961456299,-2.1775856018066406,1,Cable
-101299.765625,10373.138671875,10355.009765625,111.11748504638672,15.779644012451172,0.480987548828125,-0.1343866437673568,7.901449680328369,6.8037428855896,16.12771224975586,3.013991594314575,0,Antenna
-92264.921875,-49685.12109375,10530.306640625,178.32591247558594,257.5587463378906,2.387115478515625,30.330530166625977,79.82981872558594,15.40856647491455,123.30207061767578,2.222393274307251,3,Wind Turbine
-89285.3203125,-50777.8359375,10000.0,76.19966888427734,84.78913879394531,48.6148681640625,12.643762588500977,52.614295959472656,0.7771540284156799,2.394562244415283,-2.550789356231689,1,Cable
-89285.3203125,-50777.8359375,10000.0,76.19966888427734,92.75691986083984,52.0511474609375,12.973241806030272,48.25873947143555,0.7384331822395325,2.2982823848724365,-2.7198233604431152,1,Cable
-89285.3203125,-50777.8359375,10000.0,76.19966888427734,96.08684539794922,53.34634399414063,11.75931167602539,54.6806869506836,0.7858738303184509,2.3468713760375977,-2.579273223876953,1,Cable
-89285.3203125,-50777.8359375,10000.0,76.19966888427734,67.06707763671875,55.33511352539063,19.555912017822266,51.597923278808594,0.6908619999885559,2.571686029434204,-2.598376750946045,1,Cable
-89285.3203125,-50777.8359375,10000.0,76.19966888427734,108.74888610839844,58.523345947265625,9.26144790649414,62.36163711547852,0.8046879768371582,2.5589799880981445,-2.6245481967926025,1,Cable
-89285.3203125,-50777.8359375,10000.0,76.19966888427734,112.02430725097656,59.73580932617188,9.193720817565918,59.0640983581543,0.813566267490387,2.6211097240448,-2.7256674766540527,1,Cable
-89285.3203125,-50777.8359375,10000.0,76.19966888427734,116.75579833984376,61.654693603515625,8.410706520080566,47.69580078125,0.7799211144447327,2.0059447288513184,-2.6521005630493164,1,Cable
-89285.3203125,-50777.8359375,10000.0,76.19966888427734,81.54940795898438,66.50607299804688,13.78970718383789,40.93422317504883,0.7940255403518677,2.3244307041168213,-2.548766851425171,1,Cable
-89285.3203125,-50777.8359375,10000.0,76.19966888427734,84.90978240966797,67.73275756835938,15.227242469787598,47.79217147827149,0.7115393877029419,2.1340866088867188,-2.488605737686157,1,Cable
-89285.3203125,-50777.8359375,10000.0,76.19966888427734,89.49747467041016,69.83090209960938,15.632567405700684,42.47525405883789,0.6422087550163269,2.110086441040039,-2.513435840606689,1,Cable
-89285.3203125,-50777.8359375,10000.0,76.19966888427734,92.8103256225586,71.144775390625,14.127249717712402,50.300079345703125,0.6724287867546082,2.249757766723633,-2.46012544631958,1,Cable
-89285.3203125,-50777.8359375,10000.0,76.19966888427734,97.54903411865234,72.84262084960938,11.065200805664062,56.25006103515625,0.6641575694084167,2.2778494358062744,-2.5380654335021973,1,Cable
-89285.3203125,-50777.8359375,10000.0,76.19966888427734,100.8635482788086,74.30551147460938,10.838960647583008,51.31903839111328,0.7538264989852905,2.384136438369751,-2.495852470397949,1,Cable
-89285.3203125,-50777.8359375,10000.0,76.19966888427734,104.08717346191406,75.605224609375,11.248407363891602,51.30656814575195,0.7741782665252686,2.5063316822052,-2.385244607925415,1,Cable
-88149.359375,39460.41796875,10000.0,83.29913330078125,149.08901977539062,-78.96980285644531,0.4654904007911682,5.703750133514404,5.633925914764404,28.44748306274414,2.997507810592652,0,Antenna
-88149.359375,39460.41796875,10000.0,83.29913330078125,183.78829956054688,-17.803070068359375,-10.933801651000977,7.09871244430542,6.832930564880371,36.75752639770508,3.085374116897583,0,Antenna
-88149.359375,39460.41796875,10000.0,83.29913330078125,36.48988723754883,0.5174407958984375,-9.44236946105957,7.351404190063477,4.427097320556641,11.08181095123291,2.5911619663238525,0,Antenna
-88149.359375,39460.41796875,10000.0,83.29913330078125,219.17166137695312,81.07675170898438,-15.540485382080078,5.692926406860352,5.437673568725586,33.005062103271484,2.8147904872894287,0,Antenna
-85566.75,-18547.669921875,10000.0,-171.91676330566406,86.01773834228516,0.4683685302734375,-10.40478229522705,8.238537788391113,8.146340370178223,38.15742874145508,-3.133044958114624,0,Antenna
-85566.75,-18547.669921875,10000.0,-171.91676330566406,201.3954315185547,80.62994384765625,19.611202239990234,41.44561767578125,0.6905005574226379,2.3636233806610107,1.8715065717697144,1,Cable
-83452.3515625,16793.3671875,10000.0,59.230411529541016,282.8260192871094,-2.1070098876953125,-14.003875732421877,6.4898552894592285,6.446763515472412,34.62080001831055,2.985142707824707,0,Antenna
-77260.328125,47152.26953125,10000.0,-39.3978385925293,203.99362182617188,-0.7918548583984375,8.153083801269531,59.38918685913086,13.556041717529297,80.27134704589844,3.0088210105896,3,Wind Turbine
-74596.0703125,39133.6640625,10000.0,173.8109893798828,134.48904418945312,25.027877807617188,-20.646717071533203,8.204076766967773,7.94952392578125,46.29587936401367,3.118621587753296,0,Antenna
-74596.0703125,39133.6640625,10000.0,173.8109893798828,212.4945068359375,138.38851928710938,-1.2248605489730835,5.892380714416504,5.9390482902526855,29.91581344604492,3.0689234733581543,0,Antenna
-74596.0703125,39133.6640625,10000.0,173.8109893798828,46.36946105957031,0.8641357421875,5.081255912780762,18.50619506835937,15.177626609802246,70.0968246459961,2.8719494342803955,3,Wind Turbine
-73097.5625,1339.6849365234375,10000.0,52.87271118164063,67.10152435302734,-37.112701416015625,-1.8702131509780884,56.79730224609375,0.7322821021080017,2.034958600997925,-2.7653133869171143,1,Cable
-73097.5625,1339.6849365234375,10000.0,52.87271118164063,70.38752746582031,-36.184814453125,1.221771478652954,59.1247673034668,0.7823382019996643,2.187969446182251,-2.8392410278320312,1,Cable
-73097.5625,1339.6849365234375,10000.0,52.87271118164063,73.54428100585938,-35.961181640625,0.0567754320800304,55.24457931518555,0.7529847025871277,2.020260810852051,-2.972118139266968,1,Cable
-73097.5625,1339.6849365234375,10000.0,52.87271118164063,43.13268661499024,-23.223312377929688,2.3366315364837646,42.10375213623047,0.7717221975326538,2.059440851211548,-2.90927791595459,1,Cable
-73097.5625,1339.6849365234375,10000.0,52.87271118164063,135.60848999023438,-15.269332885742188,-4.708992958068848,15.53783130645752,10.405474662780762,49.45489501953125,2.700078248977661,2,Electric Pole
-58875.3203125,-13620.169921875,10000.0,-87.03390502929688,149.10069274902344,90.69723510742188,-5.470996856689453,9.007503509521484,8.523097038269043,43.60489273071289,3.0120418071746826,0,Antenna
-58875.3203125,-13620.169921875,10000.0,-87.03390502929688,39.633209228515625,-2.2122344970703125,12.358560562133787,36.859256744384766,0.8048802018165588,2.191910982131958,-1.1913731098175049,1,Cable
-58875.3203125,-13620.169921875,10000.0,-87.03390502929688,41.45401763916016,0.850616455078125,11.571356773376465,41.60293960571289,0.7502159476280212,2.3774194717407227,-1.3038015365600586,1,Cable
-58875.3203125,-13620.169921875,10000.0,-87.03390502929688,43.31184768676758,3.885543823242188,10.839642524719238,50.6318244934082,0.7356466054916382,2.6044046878814697,-1.4475222826004028,1,Cable
-58875.3203125,-13620.169921875,10000.0,-87.03390502929688,46.35746765136719,8.7840576171875,9.602469444274902,61.43390655517578,0.8013336658477783,2.9517672061920166,-1.555220127105713,1,Cable
-58875.3203125,-13620.169921875,10000.0,-87.03390502929688,48.10292053222656,11.875076293945312,8.79215145111084,58.08022689819336,0.7435540556907654,2.627740859985352,-1.3643110990524292,1,Cable
-58875.3203125,-13620.169921875,10000.0,-87.03390502929688,51.01599884033203,16.853912353515625,10.886324882507324,62.28229141235352,0.7947164177894592,2.6022753715515137,-1.339858055114746,1,Cable
-58875.3203125,-13620.169921875,10000.0,-87.03390502929688,52.77838134765625,19.91612243652344,13.126419067382812,51.75032424926758,0.7870334982872009,2.4345157146453857,-1.228230118751526,1,Cable
-58875.3203125,-13620.169921875,10000.0,-87.03390502929688,33.284847259521484,21.757080078125,7.144716262817383,43.118896484375,0.8797423243522644,2.050101518630981,-1.2790402173995972,1,Cable
-58875.3203125,-13620.169921875,10000.0,-87.03390502929688,35.04901123046875,24.854644775390625,7.576840877532959,50.744022369384766,0.762017548084259,2.1334240436553955,-1.3106505870819092,1,Cable
-58875.3203125,-13620.169921875,10000.0,-87.03390502929688,55.68025970458984,24.89599609375,11.15696144104004,59.39816284179688,0.8604692220687866,2.489647150039673,-1.2704929113388062,1,Cable
-58875.3203125,-13620.169921875,10000.0,-87.03390502929688,36.85549545288086,27.840362548828125,9.410273551940918,45.17843246459961,0.7260887026786804,2.041464567184448,-1.3838212490081787,1,Cable
-58875.3203125,-13620.169921875,10000.0,-87.03390502929688,57.64718627929688,27.893844604492188,11.95846176147461,59.99293899536133,0.8139045834541321,2.7810733318328857,-1.467719554901123,1,Cable
-58875.3203125,-13620.169921875,10000.0,-87.03390502929688,39.95686721801758,32.745452880859375,14.032036781311035,29.906129837036133,0.7647585868835449,1.717525839805603,-0.8916773796081543,1,Cable
-58875.3203125,-13620.169921875,10000.0,-87.03390502929688,60.58747100830078,32.88262939453125,11.4486083984375,56.65218353271485,0.7802267074584961,2.718562364578247,-1.5850909948349,1,Cable
-58875.3203125,-13620.169921875,10000.0,-87.03390502929688,243.1088256835937,47.06182861328125,-0.2224035859107971,19.71206283569336,8.46501636505127,54.56026840209961,-3.003297805786133,2,Electric Pole
-58669.6328125,22716.8046875,10000.0,104.05836486816406,123.21531677246094,0.819732666015625,3.110222578048706,42.06421661376953,14.03056526184082,75.95134735107422,3.0965383052825928,3,Wind Turbine
-53179.1953125,-127628.2578125,14848.9853515625,102.2601089477539,218.91506958007807,-0.2379913330078125,4.998557567596436,8.325662612915039,8.263635635375977,44.30924987792969,3.0501463413238525,0,Antenna
-49352.19921875,41525.12890625,10000.0,-91.1578140258789,179.3000030517578,-109.44407653808594,-21.778045654296875,11.472382545471191,7.452131271362305,28.24473571777344,3.113036870956421,2,Electric Pole
-37246.45703125,-41668.734375,10000.0,21.45245933532715,33.79828643798828,0.8360137939453125,0.1690284311771392,10.35400676727295,7.778735160827637,22.21025657653809,2.512272834777832,0,Antenna
-37246.45703125,-41668.734375,10000.0,21.45245933532715,105.54817199707033,-80.70329284667969,19.12363052368164,49.88130569458008,0.8569210171699524,2.6629738807678223,-2.95774245262146,1,Cable
-37246.45703125,-41668.734375,10000.0,21.45245933532715,118.33099365234376,-78.80950927734375,18.499738693237305,54.19269180297852,0.8012441396713257,3.002328395843506,-2.8417863845825195,1,Cable
-37246.45703125,-41668.734375,10000.0,21.45245933532715,126.3699188232422,-77.92604064941406,18.45577049255371,55.17623519897461,0.7544046640396118,2.65411114692688,-2.967259645462036,1,Cable
-37246.45703125,-41668.734375,10000.0,21.45245933532715,86.26739501953125,-65.97526550292969,23.821104049682617,43.063255310058594,0.775168776512146,2.921590805053711,-2.904710054397583,1,Cable
-37246.45703125,-41668.734375,10000.0,21.45245933532715,89.6125717163086,-65.1373291015625,22.96801948547364,41.53964614868164,0.7618491053581238,2.806495428085327,-2.9066591262817383,1,Cable
-37246.45703125,-41668.734375,10000.0,21.45245933532715,94.34810638427734,-64.48738098144531,21.56835174560547,47.772403717041016,0.8187535405158997,2.901244878768921,-3.08792495727539,1,Cable
-37246.45703125,-41668.734375,10000.0,21.45245933532715,99.2822494506836,-63.699310302734375,19.70806884765625,49.50918960571289,0.7754452228546143,2.867785692214966,-2.9186158180236816,1,Cable
-37246.45703125,-41668.734375,10000.0,21.45245933532715,103.93486785888672,-62.66749572753906,14.353029251098633,57.145599365234375,0.7993986010551453,2.633472919464112,-2.864103317260742,1,Cable
-37246.45703125,-41668.734375,10000.0,21.45245933532715,113.56298828125,-61.57931518554688,14.475577354431152,61.90165710449219,0.7939643263816833,2.55747652053833,-2.837143898010254,1,Cable
-37246.45703125,-41668.734375,10000.0,21.45245933532715,124.7495574951172,-59.692474365234375,14.743315696716309,48.32362747192383,0.7722951769828796,2.542985916137696,-2.853615522384644,1,Cable
-37246.45703125,-41668.734375,10000.0,21.45245933532715,284.7966613769531,-45.57977294921875,14.770910263061523,19.38235855102539,7.826086044311523,42.675384521484375,1.7449249029159546,2,Electric Pole
-37246.45703125,-41668.734375,10000.0,21.45245933532715,220.82456970214844,-179.99349975585938,9.002359390258789,53.45309829711914,13.645844459533691,93.66573333740234,3.0723299980163574,3,Wind Turbine
-37246.45703125,-41668.734375,10000.0,21.45245933532715,35.007720947265625,0.6817474365234375,0.9027309417724608,9.423995971679688,5.721246242523193,15.746137619018556,1.7661278247833252,3,Wind Turbine
-36709.78515625,31521.435546875,10000.0,-74.44001007080078,65.58211135864258,2.435752868652344,-0.0781021118164062,34.537899017333984,13.551762580871582,60.75020980834961,2.7072417736053467,3,Wind Turbine
-34054.765625,-64872.76953125,17380.841796875,5.678597927093506,177.54246520996094,1.608306884765625,41.283071517944336,28.8778076171875,13.100391387939451,72.45996856689453,2.3067493438720703,3,Wind Turbine
-32826.4296875,44849.1796875,10983.6474609375,-123.16535186767578,97.5793685913086,-2.3131103515625,1.785779595375061,29.77071189880371,10.981982231140137,57.223445892333984,3.105316638946533,3,Wind Turbine
-26097.025390625,-140716.0,20028.509765625,52.45390701293945,132.73606872558594,4.0408477783203125,13.486616134643556,21.31342315673828,17.86819839477539,104.8959503173828,2.6205861568450928,0,Antenna
-24101.048828125,36742.19921875,10000.0,165.9224395751953,182.40425872802732,-3.227523803710938,18.68709278106689,88.50385284423828,14.355523109436035,119.0000991821289,2.828644275665283,3,Wind Turbine
-12472.8154296875,-38141.98828125,12627.365234375,-174.24234008789062,195.2632598876953,2.360107421875,23.69363212585449,38.72653198242188,10.119285583496094,69.5527572631836,2.9747471809387207,3,Wind Turbine
-10179.5927734375,-48968.265625,16617.1328125,-79.42262268066406,75.0075912475586,58.5843505859375,22.945701599121094,12.365958213806152,7.834094524383545,26.41259956359864,1.9458606243133545,0,Antenna
-4024.562255859375,22445.3515625,10000.0,-13.033595085144045,229.7953643798828,179.7685546875,6.941111564636231,9.42331314086914,8.032140731811523,49.76893997192383,-3.077920913696289,0,Antenna
-4024.562255859375,22445.3515625,10000.0,-13.033595085144045,229.2065887451172,179.836669921875,6.3640570640563965,10.263951301574709,8.335418701171875,47.39824295043945,-3.111802577972412,2,Electric Pole
-4024.562255859375,22445.3515625,10000.0,-13.033595085144045,216.040771484375,-0.720306396484375,15.094401359558104,48.00783157348633,13.13755226135254,89.76898956298828,2.841876268386841,3,Wind Turbine
-3890.541259765625,-104257.6875,19693.537109375,130.0491180419922,38.637184143066406,0.7078857421875,0.5428290367126465,10.232041358947754,9.464719772338867,27.84540748596192,2.8550140857696533,0,Antenna
-3890.541259765625,-104257.6875,19693.537109375,130.0491180419922,97.58905029296876,0.6022491455078125,7.332446575164795,13.236649513244627,11.280170440673828,45.25429153442383,2.64720106124878,0,Antenna
-3890.541259765625,-104257.6875,19693.537109375,130.0491180419922,223.8855743408203,187.94259643554688,11.020838737487791,16.654996871948242,12.748085975646973,68.22484588623047,2.7876014709472656,0,Antenna
-389.0303649902344,-22220.595703125,10927.8046875,-93.33804321289062,254.48312377929688,-45.62809753417969,44.949466705322266,9.971062660217283,7.560011386871338,23.11596870422364,-3.131254196166992,0,Antenna
1206.830322265625,-664.0382690429688,10000.0,1.5416203737258911,130.8375244140625,-0.5507965087890625,5.374330043792725,8.066973686218262,8.757559776306152,45.40968322753906,3.0686750411987305,0,Antenna
3088.15380859375,-135803.703125,15298.8095703125,115.6056671142578,19.270648956298828,-0.4148101806640625,-0.9779049158096312,8.146805763244629,5.96177864074707,20.07157325744629,2.626134395599365,0,Antenna
3088.15380859375,-135803.703125,15298.8095703125,115.6056671142578,211.504150390625,82.20321655273438,37.68364334106445,6.139613151550293,5.597430229187012,24.724441528320312,2.736690282821656,0,Antenna
5672.07763671875,23320.626953125,10000.0,-61.268672943115234,25.72780990600586,16.783355712890625,7.586253643035889,23.522140502929688,0.8185186386108398,1.622849702835083,0.5828297734260559,1,Cable
5672.07763671875,23320.626953125,10000.0,-61.268672943115234,247.7774353027344,-61.368072509765625,26.349687576293945,19.80120658874512,14.626442909240724,82.29676055908203,1.7168035507202148,2,Electric Pole
6226.79541015625,-75412.2421875,18251.671875,-116.02009582519533,286.78240966796875,0.504638671875,11.72698974609375,8.60801887512207,7.417739391326904,38.433815002441406,3.002705335617065,0,Antenna
6226.79541015625,-75412.2421875,18251.671875,-116.02009582519533,263.7741394042969,53.81246948242188,29.83349227905273,15.128824234008787,13.358929634094238,79.32791137695312,2.5369558334350586,0,Antenna
7331.3681640625,-133766.875,16808.10546875,26.187742233276367,104.17903900146484,-0.5488433837890625,20.40386009216309,7.433752536773682,8.071038246154785,30.63680648803711,2.9649698734283447,0,Antenna
10120.19921875,-35915.0078125,17175.962890625,55.946533203125,99.20311737060548,-47.20529174804688,-4.797808170318604,36.68618774414063,8.205960273742676,41.55654525756836,3.116138219833374,3,Wind Turbine
10120.19921875,-35915.0078125,17175.962890625,55.946533203125,49.51828002929688,2.483627319335937,2.32289719581604,30.00080299377441,5.827337741851807,22.08189010620117,-2.2586653232574463,3,Wind Turbine
11607.59375,7239.01123046875,10000.0,-86.02872467041016,132.61912536621094,77.49066162109375,4.025600910186768,17.78782081604004,11.597455024719238,53.51863098144531,2.194812536239624,2,Electric Pole
11607.59375,7239.01123046875,10000.0,-86.02872467041016,219.00955200195312,186.367919921875,-2.413607120513916,16.18494415283203,9.69249439239502,66.22098541259766,2.801907539367676,2,Electric Pole
13800.7548828125,-67662.09375,14756.943359375,-157.92410278320312,192.0484619140625,0.801177978515625,44.27583312988281,22.36369132995605,18.20790672302246,64.30762481689453,2.521791696548462,0,Antenna
16315.4365234375,38156.29296875,10000.0,-106.73429107666016,124.59251403808594,-32.77818298339844,-1.40162193775177,16.46554946899414,11.83773136138916,40.03541564941406,3.121626853942871,2,Electric Pole
17682.658203125,-36263.4140625,16244.240234375,139.08438110351562,67.26692199707031,-0.73486328125,3.937732696533203,34.52440643310547,8.724228858947754,57.19384765625,2.803841590881348,3,Wind Turbine
17682.658203125,-36263.4140625,16244.240234375,139.08438110351562,118.30506896972656,44.08511352539063,2.9714925289154053,16.485614776611328,6.749421119689941,25.69996452331543,2.367501735687256,3,Wind Turbine
28124.44140625,20172.322265625,10000.0,103.99253845214844,191.9568328857422,108.09146118164062,-3.628131151199341,26.313486099243164,7.095438957214356,53.51542663574219,2.177811622619629,3,Wind Turbine
29018.61328125,6669.6201171875,12966.4736328125,-137.00827026367188,92.7471923828125,5.5211944580078125,17.866153717041016,55.05623626708984,0.7288883328437805,2.72507643699646,2.7156331539154053,1,Cable
29018.61328125,6669.6201171875,12966.4736328125,-137.00827026367188,73.4438705444336,11.616867065429688,19.35835838317871,48.86061096191406,0.6981668472290039,2.8145198822021484,2.449662923812866,1,Cable
29018.61328125,6669.6201171875,12966.4736328125,-137.00827026367188,97.63359832763672,21.950347900390625,26.017070770263672,46.62706756591797,0.8136104941368103,3.355046510696411,2.4322328567504883,1,Cable
29018.61328125,6669.6201171875,12966.4736328125,-137.00827026367188,92.95694732666016,23.628158569335938,21.445804595947266,48.60375595092773,0.8683997988700867,3.2313411235809326,2.36018180847168,1,Cable
29018.61328125,6669.6201171875,12966.4736328125,-137.00827026367188,83.24366760253906,26.46885681152344,25.348257064819336,46.81071853637695,0.9203256964683532,4.902045726776123,2.224415302276612,1,Cable
29018.61328125,6669.6201171875,12966.4736328125,-137.00827026367188,78.43606567382812,28.100128173828125,25.73530006408692,55.6331787109375,0.9720720648765564,5.328539371490479,2.3176231384277344,1,Cable
29018.61328125,6669.6201171875,12966.4736328125,-137.00827026367188,47.85243225097656,32.708099365234375,19.2104549407959,31.39591789245605,0.6832945346832275,2.1005985736846924,0.7056081891059875,1,Cable
29018.61328125,6669.6201171875,12966.4736328125,-137.00827026367188,61.16690826416016,39.369476318359375,21.830093383789062,45.43276977539063,0.7056787014007568,2.5923755168914795,1.0102736949920654,1,Cable
29018.61328125,6669.6201171875,12966.4736328125,-137.00827026367188,59.218109130859375,26.296630859375,1.5348901748657229,21.48144721984864,11.830500602722168,49.72348785400391,3.037245512008667,2,Electric Pole
29539.119140625,-119735.9609375,19232.5078125,-2.861106634140014,28.818958282470703,-2.433197021484375,0.3830728828907013,14.280991554260254,7.992593288421631,27.99386978149414,2.3704097270965576,3,Wind Turbine
30103.630859375,416.7150573730469,16097.982421875,-98.27146911621094,185.7185821533203,4.0942230224609375,21.607648849487305,14.973801612854004,5.664907455444336,23.85102653503418,1.94778573513031,3,Wind Turbine
30565.259765625,13138.8974609375,10857.9775390625,67.65458679199219,175.5945281982422,-0.2810211181640625,-13.904349327087402,7.600093364715576,7.835558891296387,41.70258712768555,2.9947259426116943,0,Antenna
30587.763671875,62575.28515625,10000.0,-74.4589614868164,129.53338623046875,-2.3023223876953125,15.642647743225098,69.68460845947266,14.06006145477295,87.10272979736328,2.601900100708008,3,Wind Turbine
30840.69921875,22037.671875,10000.0,-88.01747131347656,21.043895721435547,-0.5155487060546875,0.0116329006850719,8.947668075561523,7.2378435134887695,17.79720115661621,2.7989091873168945,0,Antenna
30840.69921875,22037.671875,10000.0,-88.01747131347656,201.9493408203125,157.62118530273438,13.28939437866211,8.054422378540039,6.855180740356445,28.641557693481445,2.971498727798462,0,Antenna
32468.970703125,14125.6298828125,11756.0107421875,62.95382690429688,249.80340576171875,-109.38531494140624,-13.88499641418457,11.835651397705078,6.396209239959717,39.70495223999024,3.0528340339660645,3,Wind Turbine
32591.77734375,-107198.0078125,18484.498046875,51.34168243408203,225.161865234375,-73.25730895996094,-7.945663928985596,6.819437980651856,6.711363792419434,34.80719375610352,-2.9631597995758057,0,Antenna
32591.77734375,-107198.0078125,18484.498046875,51.34168243408203,48.24385070800781,44.4493408203125,-10.417689323425291,6.051135063171387,5.34854793548584,20.33942985534668,2.952845811843872,0,Antenna
32591.77734375,-107198.0078125,18484.498046875,51.34168243408203,176.09397888183594,2.398300170898437,7.194666385650635,76.81684875488281,13.801809310913086,111.61936950683594,2.963393449783325,3,Wind Turbine
37061.7421875,26446.138671875,10000.0,20.078144073486328,249.277099609375,-0.3431396484375,1.8254894018173216,6.801595687866211,7.262972354888916,31.06570625305176,3.0245840549468994,0,Antenna
37061.7421875,26446.138671875,10000.0,20.078144073486328,162.75425720214844,108.44586181640624,-14.465625762939451,5.949317932128906,5.869168281555176,26.54571914672852,2.533732652664185,0,Antenna
46116.65625,54123.328125,10000.0,-39.66035079956055,169.37806701660156,149.71005249023438,20.14359474182129,6.903704643249512,3.84325122833252,14.74891471862793,2.8078835010528564,0,Antenna
46116.65625,54123.328125,10000.0,-39.66035079956055,168.28050231933594,149.64682006835938,18.273632049560547,7.3020339012146,4.130986213684082,16.178998947143555,2.8180267810821533,3,Wind Turbine
59377.87890625,32230.1953125,10000.0,68.14109802246094,30.02548217773437,-0.4228973388671875,1.063052773475647,6.834270000457764,7.309375762939453,29.67604255676269,2.10188627243042,0,Antenna
66375.6875,30601.92578125,10125.0849609375,143.1483917236328,73.36119842529297,-0.4130859375,0.0152742639183998,6.837808609008789,7.445866107940674,33.583831787109375,2.869209289550781,0,Antenna
67943.046875,49109.421875,11088.6767578125,-112.03125,28.594985961914062,25.16015625,-5.426657199859619,6.42287540435791,5.147805690765381,14.739510536193848,2.4505157470703125,0,Antenna
67943.046875,49109.421875,11088.6767578125,-112.03125,187.2554473876953,3.986740112304688,13.559043884277344,78.20433044433594,14.251226425170898,108.64415740966795,2.8397161960601807,3,Wind Turbine
67943.046875,49109.421875,11088.6767578125,-112.03125,227.23794555664065,112.79464721679688,9.273844718933104,76.85773468017578,13.821222305297852,107.5657730102539,2.8319976329803467,3,Wind Turbine
